Wavelength,Responsivity
188.1128901343,0.000000000
188.5896205839,0.000000000
189.0663262465,0.000000000
189.5430071199,0.000000000
190.0196632020,0.000000000
190.4962944905,0.000000000
190.9729009834,0.000000000
191.4494826783,0.000000000
191.9260395732,0.000000000
192.4025716658,0.000000000
192.8790789540,0.000000000
193.3555614355,0.000000000
193.8320191082,0.000000000
194.3084519699,0.000000000
194.7848600184,0.000000000
195.2612432516,0.000000000
195.7376016671,0.000000000
196.2139352630,0.000000000
196.6902440369,0.000000000
197.1665279866,0.000000000
197.6427871101,0.000000000
198.1190214051,0.000000000
198.5952308694,0.000000000
199.0714155009,0.000000000
199.5475752973,0.000000000
200.0237102565,0.000000000
200.4998203763,0.000000000
200.9759056545,0.000000000
201.4519660889,0.000000000
201.9280016774,0.000000000
202.4040124177,0.000000000
202.8799983076,0.000000000
203.3559593451,0.000000000
203.8318955278,0.000000000
204.3078068537,0.000000000
204.7836933204,0.000000000
205.2595549259,0.000000000
205.7353916680,0.000000000
206.2112035444,0.000000000
206.6869905531,0.000000000
207.1627526917,0.000000000
207.6384899581,0.000000000
208.1142023502,0.000000000
208.5898898657,0.000000000
209.0655525024,0.000000000
209.5411902583,0.000000000
210.0168031310,0.000000000
210.4923911184,0.000000000
210.9679542183,0.000000000
211.4434924286,0.000000000
211.9190057471,0.000000000
212.3944941714,0.000000000
212.8699576996,0.000000000
213.3453963294,0.000000000
213.8208100585,0.000000000
214.2961988849,0.000000000
214.7715628064,0.000000000
215.2469018207,0.000000000
215.7222159256,0.000000000
216.1975051191,0.000000000
216.6727693988,0.000000000
217.1480087627,0.000000000
217.6232232084,0.000000000
218.0984127340,0.000000000
218.5735773370,0.000000000
219.0487170155,0.000000000
219.5238317671,0.000000000
219.9989215898,0.000000000
220.4739864812,0.000000000
220.9490264393,0.000000000
221.4240414619,0.000000000
221.8990315467,0.000000000
222.3739966916,0.000000000
222.8489368944,0.000000000
223.3238521529,0.000000000
223.7987424649,0.000000000
224.2736078282,0.000000000
224.7484482407,0.000000000
225.2232637002,0.000000000
225.6980542044,0.000000000
226.1728197513,0.000000000
226.6475603386,0.000000000
227.1222759641,0.000000000
227.5969666256,0.000000000
228.0716323210,0.000000000
228.5462730481,0.000000000
229.0208888046,0.000000000
229.4954795885,0.000000000
229.9700453974,0.000000000
230.4445862293,0.000000000
230.9191020820,0.000000000
231.3935929532,0.000000000
231.8680588408,0.000000000
232.3424997426,0.000000000
232.8169156564,0.000000000
233.2913065800,0.000000000
233.7656725113,0.000000000
234.2400134480,0.000000000
234.7143293879,0.000000000
235.1886203290,0.000000000
235.6628862690,0.000000000
236.1371272056,0.000000000
236.6113431368,0.000000000
237.0855340604,0.000000000
237.5596999740,0.000000000
238.0338408757,0.000000000
238.5079567632,0.000000000
238.9820476342,0.000000000
239.4561134867,0.000000000
239.9301543184,0.000000000
240.4041701272,0.000000000
240.8781609108,0.000000000
241.3521266671,0.000000000
241.8260673938,0.000000000
242.2999830889,0.000000000
242.7738737501,0.000000000
243.2477393753,0.000000000
243.7215799622,0.000000000
244.1953955087,0.000000000
244.6691860125,0.000000000
245.1429514716,0.000000000
245.6166918836,0.000000000
246.0904072465,0.000000000
246.5640975580,0.000000000
247.0377628160,0.000000000
247.5114030183,0.000000000
247.9850181626,0.000000000
248.4586082469,0.000000000
248.9321732688,0.000000000
249.4057132263,0.000000000
249.8792281172,0.000000000
250.3527179392,0.000000000
250.8261826901,0.000000000
251.2996223679,0.000000000
251.7730369703,0.000000000
252.2464264951,0.000000000
252.7197909401,0.000000000
253.1931303032,0.000000000
253.6664445821,0.000000000
254.1397337748,0.000000000
254.6129978789,0.000000000
255.0862368923,0.000000000
255.5594508129,0.000000000
256.0326396384,0.000000000
256.5058033667,0.000000000
256.9789419955,0.000000000
257.4520555227,0.000000000
257.9251439462,0.000000000
258.3982072636,0.000000000
258.8712454729,0.000000000
259.3442585718,0.000000000
259.8172465582,0.000000000
260.2902094298,0.000000000
260.7631471846,0.000000000
261.2360598202,0.000000000
261.7089473346,0.000000000
262.1818097255,0.000000000
262.6546469908,0.000000000
263.1274591282,0.000000000
263.6002461356,0.000000000
264.0730080108,0.000000000
264.5457447516,0.000000000
265.0184563558,0.000000000
265.4911428213,0.000000000
265.9638041458,0.000000000
266.4364403273,0.000000000
266.9090513633,0.000000000
267.3816372519,0.000000000
267.8541979908,0.000000000
268.3267335779,0.000000000
268.7992440109,0.000000000
269.2717292876,0.000000000
269.7441894059,0.000000000
270.2166243636,0.000000000
270.6890341585,0.000000000
271.1614187885,0.000000000
271.6337782513,0.000000000
272.1061125447,0.000000000
272.5784216666,0.000000000
273.0507056147,0.000000000
273.5229643870,0.000000000
273.9951979812,0.000000000
274.4674063951,0.000000000
274.9395896265,0.000000000
275.4117476733,0.000000000
275.8838805333,0.000000000
276.3559882042,0.000000000
276.8280706840,0.000000000
277.3001279703,0.000000000
277.7721600611,0.000000000
278.2441669541,0.000000000
278.7161486472,0.000000000
279.1881051382,0.000000000
279.6600364249,0.000000000
280.1319425051,0.000000000
280.6038233765,0.000000000
281.0756790372,0.000000000
281.5475094847,0.000000000
282.0193147171,0.000000000
282.4910947320,0.000000000
282.9628495273,0.000000000
283.4345791008,0.000000000
283.9062834504,0.000000000
284.3779625738,0.000000000
284.8496164688,0.000000000
285.3212451333,0.000000000
285.7928485651,0.000000000
286.2644267620,0.000000000
286.7359797218,0.000000000
287.2075074424,0.000000000
287.6790099215,0.000000000
288.1504871569,0.000000000
288.6219391465,0.000000000
289.0933658881,0.000000000
289.5647673795,0.000000000
290.0361436186,0.000000000
290.5074946030,0.000000000
290.9788203308,0.000000000
291.4501207995,0.000000000
291.9213960072,0.000000000
292.3926459515,0.000000000
292.8638706304,0.000000000
293.3350700416,0.000000000
293.8062441829,0.000000000
294.2773930522,0.000000000
294.7485166473,0.000000000
295.2196149659,0.000000000
295.6906880059,0.000000000
296.1617357652,0.000000000
296.6327582414,0.000000000
297.1037554326,0.000000000
297.5747273363,0.000000000
298.0456739506,0.000000000
298.5165952731,0.000000000
298.9874913018,0.000000000
299.4583620343,0.000000000
299.9292074686,0.000000000
300.4000276025,0.000000000
300.8708224337,0.000000000
301.3415919601,0.000000000
301.8123361795,0.000000000
302.2830550897,0.000000000
302.7537486885,0.000000000
303.2244169737,0.000000000
303.6950599433,0.000000000
304.1656775948,0.000000000
304.6362699263,0.000000000
305.1068369355,0.000000000
305.5773786201,0.000000000
306.0478949781,0.000000000
306.5183860073,0.000000000
306.9888517054,0.000000000
307.4592920703,0.000000000
307.9297070997,0.000000000
308.4000967916,0.000000000
308.8704611437,0.000000000
309.3408001538,0.000000000
309.8111138198,0.000000000
310.2814021394,0.000000000
310.7516651105,0.000000000
311.2219027309,0.000000000
311.6921149984,0.000000000
312.1623019109,0.000000000
312.6324634660,0.000000000
313.1025996618,0.000000000
313.5727104958,0.000000000
314.0427959661,0.000000000
314.5128560704,0.000000000
314.9828908065,0.000000000
315.4529001722,0.000000000
315.9228841654,0.000000000
316.3928427838,0.000000000
316.8627760253,0.000000000
317.3326838877,0.000000000
317.8025663687,0.000000000
318.2724234663,0.000000000
318.7422551783,0.000000000
319.2120615023,0.000000000
319.6818424364,0.000000000
320.1515979782,0.000000000
320.6213281256,0.000000000
321.0910328764,0.000000000
321.5607122285,0.000000000
322.0303661796,0.000000000
322.4999947275,0.000000000
322.9695978701,0.000000000
323.4391756052,0.000000000
323.9087279306,0.000000000
324.3782548441,0.000000000
324.8477563435,0.000000000
325.3172324266,0.000000000
325.7866830914,0.000000000
326.2561083355,0.000000000
326.7255081567,0.000000000
327.1948825530,0.000000000
327.6642315221,0.000000000
328.1335550619,0.000000000
328.6028531700,0.000000000
329.0721258445,0.000000000
329.5413730830,0.000000000
330.0105948834,0.000000000
330.4797912435,0.000000000
330.9489621612,0.000000000
331.4181076342,0.000000000
331.8872276603,0.000000000
332.3563222374,0.000000000
332.8253913633,0.000000000
333.2944350357,0.000000000
333.7634532526,0.000000000
334.2324460117,0.000000000
334.7014133109,0.000000000
335.1703551479,0.000000000
335.6392715206,0.000000000
336.1081624268,0.000000000
336.5770278642,0.000000000
337.0458678308,0.000000000
337.5146823244,0.000000000
337.9834713426,0.000000000
338.4522348835,0.000000000
338.9209729447,0.000000000
339.3896855241,0.000000000
339.8583726195,0.000000000
340.3270342287,0.000000000
340.7956703496,0.000000000
341.2642809799,0.000000000
341.7328661175,0.000000000
342.2014257601,0.000000000
342.6699599057,0.000000000
343.1384685520,0.000000000
343.6069516968,0.000000000
344.0754093379,0.000000000
344.5438414732,0.000000000
345.0122481005,0.000000000
345.4806292175,0.000000000
345.9489848222,0.000000000
346.4173149123,0.000000000
346.8856194856,0.000000000
347.3538985399,0.000000000
347.8221520731,0.000000000
348.2903800830,0.000000000
348.7585825674,0.000000000
349.2267595241,0.000000000
349.6949109509,0.000000000
350.1630368456,0.000000000
350.6311372061,0.000000000
351.0992120302,0.000000000
351.5672613156,0.000000000
352.0352850603,0.000000000
352.5032832619,0.000000000
352.9712559184,0.000000000
353.4392030275,0.000000000
353.9071245871,0.000000000
354.3750205949,0.000000000
354.8428910488,0.000000000
355.3107359467,0.000000000
355.7785552862,0.000000000
356.2463490653,0.000000000
356.7141172817,0.000000000
357.1818599333,0.000000000
357.6495770178,0.000000000
358.1172685332,0.000000000
358.5849344771,0.000000000
359.0525748475,0.000000000
359.5201896421,0.000000000
359.9877788588,0.000000000
360.4553424953,0.000000000
360.9228805495,0.000000000
361.3903930192,0.000000000
361.8578799022,0.000000000
362.3253411963,0.000000000
362.7927768994,0.000000000
363.2601870092,0.000000000
363.7275715236,0.000000000
364.1949304404,0.000000000
364.6622637574,0.000000000
365.1295714724,0.000000000
365.5968535833,0.000000000
366.0641100877,0.000000000
366.5313409837,0.000000000
366.9985462689,0.000000000
367.4657259412,0.000000000
367.9328799984,0.000000000
368.4000084383,0.000000000
368.8671112588,0.000000000
369.3341884576,0.000000000
369.8012400326,0.000000000
370.2682659815,0.000000000
370.7352663023,0.000000000
371.2022409927,0.000000000
371.6691900505,0.000000000
372.1361134735,0.000000000
372.6030112596,0.000000000
373.0698834065,0.000000000
373.5367299122,0.000000000
374.0035507743,0.000000000
374.4703459907,0.000000000
374.9371155593,0.000000000
375.4038594779,0.000000000
375.8705777441,0.000000000
376.3372703560,0.000000000
376.8039373113,0.000000000
377.2705786077,0.000000000
377.7371942432,0.000000000
378.2037842155,0.000000000
378.6703485224,0.000000000
379.1368871619,0.000000000
379.6034001316,0.000000000
380.0698874294,0.000000000
380.5363490531,0.000000000
381.0027850005,0.000000000
381.4691952695,0.000000000
381.9355798578,0.000000000
382.4019387633,0.000000000
382.8682719838,0.000000000
383.3345795171,0.000000000
383.8008613609,0.000000000
384.2671175133,0.000000000
384.7333479718,0.000000000
385.1995527345,0.000000000
385.6657317990,0.000000000
386.1318851631,0.000000000
386.5980128248,0.000000000
387.0641147818,0.000000000
387.5301910320,0.000000000
387.9962415731,0.000000000
388.4622664029,0.000000000
388.9282655194,0.000000000
389.3942389202,0.000000000
389.8601866032,0.000000000
390.3261085663,0.000000000
390.7920048072,0.000000000
391.2578753238,0.000000000
391.7237201138,0.000000000
392.1895391751,0.000000000
392.6553325055,0.000000000
393.1211001028,0.000000000
393.5868419649,0.000000000
394.0525580895,0.000000000
394.5182484744,0.000000000
394.9839131175,0.000000000
395.4495520166,0.000000000
395.9151651696,0.000000000
396.3807525741,0.000000000
396.8463142281,0.000000000
397.3118501293,0.000000000
397.7773602756,0.000000000
398.2428446647,0.000000000
398.7083032946,0.000000000
399.1737361629,0.000000000
399.6391432676,0.000000000
400.1045246064,0.000000000
400.5698801772,0.000000000
401.0352099778,0.000000000
401.5005140059,0.000000000
401.9657922594,0.049797380
402.4310447362,0.050098891
402.8962714339,0.050400385
403.3614723505,0.050701862
403.8266474838,0.051003323
404.2917968315,0.051304767
404.7569203916,0.051606194
405.2220181617,0.051907605
405.6870901398,0.052189105
406.1521363235,0.052460504
406.6171567109,0.052731888
407.0821512996,0.053003257
407.5471200874,0.053274610
408.0120630723,0.053545949
408.4769802520,0.053817273
408.9418716243,0.054088581
409.4067371870,0.054330931
409.8715769380,0.054572111
410.3363908750,0.054813278
410.8011789960,0.055054431
411.2659412986,0.055295571
411.7306777808,0.055536697
412.1953884402,0.055777811
412.6600732748,0.056015080
413.1247322824,0.056241252
413.5893654608,0.056467411
414.0539728077,0.056693557
414.5185543210,0.056919691
414.9831099986,0.057145812
415.4476398382,0.057371920
415.9121438376,0.057598016
416.3766219947,0.057824100
416.8410743073,0.058050170
417.3055007732,0.058276229
417.7699013901,0.058502274
418.2342761560,0.058728307
418.6986250687,0.058954328
419.1629481258,0.059180336
419.6272453254,0.059406331
420.0915166651,0.059720123
420.5557621429,0.060050904
421.0199817564,0.060381666
421.4841755036,0.060712410
421.9483433822,0.061043136
422.4124853901,0.061373843
422.8766015250,0.061704532
423.3406917848,0.062042491
423.8047561674,0.062433083
424.2687946704,0.062823654
424.7328072918,0.063214204
425.1967940293,0.063604731
425.6607548808,0.063995237
426.1246898441,0.064385721
426.5885989169,0.064776183
427.0524820972,0.065184581
427.5163393827,0.065619763
427.9801707712,0.066054922
428.4439762606,0.066490056
428.9077558486,0.066925165
429.3715095331,0.067360251
429.8352373120,0.067795312
430.2989391829,0.068230349
430.7626151437,0.068847354
431.2262651923,0.069551279
431.6898893265,0.070255165
432.1534875440,0.070959012
432.6170598427,0.071662819
433.0806062205,0.072366587
433.5441266750,0.073070316
434.0076212042,0.073774005
434.4710898058,0.074519970
434.9345324776,0.075268376
435.3979492176,0.076016740
435.8613400234,0.076765062
436.3247048930,0.077513342
436.7880438240,0.078261580
437.2513568144,0.079009777
437.7146438620,0.079776566
438.1779049645,0.080614080
438.6411401198,0.081451547
439.1043493257,0.082288968
439.5675325800,0.083126342
440.0306898805,0.083963668
440.4938212251,0.084800948
440.9569266116,0.085638181
441.4200060377,0.086552069
441.8830595012,0.087553275
442.3460870001,0.088554425
442.8090885321,0.089555518
443.2720640951,0.090556555
443.7350136868,0.091557536
444.1979373050,0.092558461
444.6608349476,0.093559330
445.1237066124,0.094581485
445.5865522972,0.095611858
446.0493719999,0.096642174
446.5121657181,0.097672432
446.9749334499,0.098702632
447.4376751929,0.099732774
447.9003909449,0.100762858
448.3630807039,0.101792884
448.8257444676,0.103089521
449.2883822338,0.104394392
449.7509940003,0.105699189
450.2135797650,0.107003913
450.6761395257,0.108308564
451.1386732801,0.109613141
451.6011810262,0.110917645
452.0636627616,0.112373451
452.5261184843,0.113854245
452.9885481921,0.115334957
453.4509518827,0.116815585
453.9133295540,0.118296129
454.3756812037,0.119776591
454.8380068298,0.121186681
455.3003064300,0.122485700
455.7625800021,0.123784646
456.2248275440,0.125083519
456.6870490535,0.126382319
457.1492445283,0.127681045
457.6114139663,0.128979699
458.0735573653,0.130497589
458.5356747232,0.132400360
458.9977660377,0.134303023
459.4598313066,0.136205578
459.9218705278,0.138108027
460.3838836992,0.140467230
460.8458708184,0.142991834
461.3078318833,0.145516295
461.7697668917,0.148040614
462.2316758415,0.151031478
462.6935587305,0.154111196
463.1554155564,0.157190741
463.6172463171,0.160017918
464.0790510104,0.162549130
464.5408296342,0.165080200
465.0025821862,0.167611127
465.4643086642,0.170239867
465.9260090661,0.173195773
466.3876833897,0.176151512
466.8493316327,0.179107084
467.3109537931,0.181994912
467.7725498686,0.184481898
468.2341198570,0.186968744
468.6956637562,0.189455448
469.1571815640,0.192287775
469.6186732781,0.196174351
470.0801388965,0.199969412
470.5415784169,0.203543153
471.0029918370,0.207116692
471.4643791549,0.210862519
471.9257403682,0.214686600
472.3870754747,0.218510464
472.8483844724,0.223063463
473.3096673590,0.228587159
473.7709241322,0.233261727
474.2321547901,0.236965984
474.6933593302,0.240670032
475.1545377506,0.244475961
475.6156900489,0.248298310
476.0768162230,0.252120443
476.5379162707,0.256909919
476.9989901898,0.262343980
477.4600379782,0.266632696
477.9210596336,0.270269440
478.3820551539,0.273925579
478.8430245369,0.278221993
479.3039677804,0.282518163
479.7648848822,0.286858503
480.2257758401,0.291475325
480.6866406520,0.296091884
481.1474793156,0.301226178
481.6082918288,0.307246109
482.0690781894,0.313193717
482.5298383952,0.319097076
482.9905724440,0.324433741
483.4512803336,0.329380757
483.9119620619,0.334327492
484.3726176267,0.339614908
484.8332470257,0.345127207
485.2938502568,0.351917036
485.7544273178,0.361277799
486.2149782066,0.365156552
486.6755029209,0.369035084
487.1360014586,0.372993644
487.5964738174,0.378456329
488.0569199952,0.383918704
488.5173399898,0.390480572
488.9777337990,0.397421805
489.4381014206,0.402673328
489.8984428525,0.407924552
490.3587580925,0.412599643
490.8190471383,0.417186855
491.2793099878,0.422168823
491.7395466388,0.430903382
492.1997570891,0.438186060
492.6599413366,0.444175082
493.1200993790,0.449205966
493.5802312142,0.454236565
494.0403368399,0.459326483
494.5004162541,0.464419299
494.9604694544,0.470258314
495.4204964388,0.478757262
495.8804972050,0.485902114
496.3404717509,0.492072336
496.8004200742,0.497656506
497.2603421728,0.502247963
497.7202380445,0.506839159
498.1801076871,0.511430092
498.6399510985,0.516895433
499.0997682764,0.526291775
499.5595592186,0.532021861
500.0193239231,0.537751621
500.4790623875,0.542854323
500.9387746097,0.547443936
501.3984605875,0.555929050
501.8581203188,0.561805009
502.3177538013,0.566502809
502.7773610329,0.571200341
503.2369420113,0.577519290
503.6964967345,0.583972740
504.1560252001,0.589391210
504.6155274061,0.594294532
505.0750033502,0.599197574
505.5344530303,0.605134482
505.9938764441,0.611126283
506.4532735895,0.616638879
506.9126444644,0.622071283
507.3719890664,0.627374996
507.8313073934,0.636011284
508.2905994433,0.642332942
508.7498652139,0.647314769
509.2091047029,0.651841166
509.6683179082,0.656367304
510.1275048276,0.661437767
510.5866654590,0.666763268
511.0457998000,0.671218765
511.5049078486,0.675146853
511.9639896026,0.679076931
512.4230450598,0.683899741
512.8820742179,0.688328513
513.3410770748,0.691589591
513.8000536284,0.694850482
514.2590038764,0.698111186
514.7179278167,0.702354287
515.1768254470,0.706616444
515.6356967652,0.710854310
516.0945417691,0.714942981
516.5533604565,0.719031417
517.0121528253,0.723004404
517.4709188732,0.726935616
517.9296585980,0.730836010
518.3883719976,0.734495701
518.8470590698,0.738155182
519.3057198124,0.742158158
519.7643542232,0.747074289
520.2229623001,0.750684492
520.6815440408,0.753095122
521.1400994431,0.755505614
521.5986285050,0.757915968
522.0571312241,0.760075790
522.5156075983,0.762067716
522.9740576255,0.764059529
523.4324813033,0.766051226
523.8908786298,0.768042435
524.3492496026,0.770019243
524.8075942196,0.771995937
525.2659124786,0.773972518
525.7242043774,0.775955785
526.1824699138,0.777997071
526.6407090856,0.780038240
527.0989218908,0.782079292
527.5571083269,0.784120226
528.0152683920,0.786291950
528.4734020838,0.788580224
528.9315094001,0.790868365
529.3895903387,0.793156375
529.8476448975,0.794876098
530.3056730742,0.795961726
530.7636748667,0.797047291
531.2216502728,0.798132794
531.6795992903,0.799218234
532.1375219170,0.800303612
532.5954181508,0.801353911
533.0532879894,0.801975324
533.5111314307,0.802596701
533.9689484725,0.803218042
534.4267391125,0.803839347
534.8845033487,0.804460617
535.3422411788,0.805081851
535.7999526006,0.805703048
536.2576376120,0.806309644
536.7152962107,0.806871715
537.1729283947,0.807433753
537.6305341616,0.807995759
538.0881135094,0.808557733
538.5456664358,0.809119674
539.0031929386,0.809681583
539.4606930157,0.810243459
539.9181666649,0.810554113
540.3756138839,0.810511038
540.8330346707,0.810467967
541.2904290230,0.810424897
541.7477969386,0.810381830
542.2051384154,0.810338766
542.6624534511,0.810295704
543.1197420436,0.810252645
543.5770041907,0.810052491
544.0342398903,0.809743274
544.4914491400,0.809434074
544.9486319378,0.809124892
545.4057882814,0.808815728
545.8629181687,0.808506582
546.3200215975,0.808197454
546.7770985656,0.807888344
547.2341490709,0.807488640
547.6911731110,0.807061273
548.1481706839,0.806633931
548.6051417873,0.806206614
549.0620864192,0.805779322
549.5190045772,0.805352054
549.9758962592,0.804924811
550.4327614630,0.804497593
550.8896001865,0.803157051
551.3464124274,0.801758387
551.8031981836,0.800359804
552.2599574529,0.798961302
552.7166902330,0.797562881
553.1733965219,0.796134965
553.6300763173,0.794649912
554.0867296170,0.793164945
554.5433564189,0.791680064
554.9999567208,0.790195270
555.4565305204,0.788710561
555.9130778157,0.787255641
556.3695986043,0.785866123
556.8260928842,0.784476685
557.2825606531,0.783087328
557.7390019089,0.781698052
558.1954166494,0.780308856
558.6518048724,0.778919741
559.1081665756,0.777389980
559.5645017570,0.775478806
560.0208104143,0.773567743
560.4770925454,0.771656791
560.9333481480,0.769264390
561.3895772200,0.764056273
561.8457797592,0.759539325
562.3019557634,0.756392890
562.7581052304,0.753246639
563.2142281581,0.749955386
563.6703245442,0.745793254
564.1263943866,0.741631363
564.5824376831,0.737636310
565.0384544315,0.733761939
565.4944446296,0.729887794
565.9504082752,0.726102623
566.4063453662,0.722319016
566.8622559003,0.718298784
567.3181398754,0.713906640
567.7739972893,0.709913949
568.2298281398,0.706638780
568.6856324247,0.703363803
569.1414101418,0.700054072
569.5971612890,0.696565986
570.0528858641,0.693078103
570.5085838648,0.689259965
570.9642552890,0.682999304
571.4199001346,0.678006811
571.8755183992,0.673976826
572.3311100808,0.669947077
572.7866751772,0.662903654
573.2422136861,0.656799954
573.6977256054,0.652436199
574.1532109329,0.648072699
574.6086696664,0.641067632
575.0641018038,0.634687493
575.5195073428,0.630684284
575.9748862812,0.626475521
576.4302386169,0.619629352
576.8855643477,0.614008746
577.3408634714,0.608732329
577.7961359859,0.603597525
578.2513818888,0.598624431
578.7066011781,0.593521758
579.1617938516,0.588016146
579.6169599071,0.582637218
580.0720993423,0.577426238
580.5272121552,0.572215563
580.9822983434,0.563277850
581.4373579050,0.556166627
581.8923908375,0.551627952
582.3473971390,0.547089543
582.8023768071,0.538952299
583.2573298397,0.530269240
583.7122562346,0.521836385
584.1671559897,0.513221995
584.6220291027,0.508399035
585.0768755714,0.503727363
585.5316953938,0.497620438
585.9864885675,0.489141828
586.4412550904,0.482304455
586.8959949604,0.475254373
587.3507081751,0.468078922
587.8053947325,0.460915308
588.2600546304,0.454079549
588.7146878666,0.447490085
589.1692944388,0.440843908
589.6238743450,0.434059259
590.0784275829,0.426997835
590.5329541503,0.416716625
590.9874540451,0.411809793
591.4419272650,0.406152683
591.8963738079,0.399619496
592.3507936717,0.393669058
592.8051868540,0.387203915
593.2595533527,0.379487162
593.7138931657,0.372371922
594.1682062908,0.367690840
594.6224927257,0.362872829
595.0767524684,0.355362824
595.5309855165,0.343995560
595.9851918679,0.340154922
596.4393715205,0.336314510
596.8935244720,0.329317707
597.3476507203,0.321819427
597.8017502631,0.315949765
598.2558230984,0.311313069
598.7098692239,0.304670036
599.1638886373,0.295402054
599.6178813366,0.288928713
600.0718473196,0.282647576
600.5257865840,0.277656412
600.9796991278,0.272665542
601.4335849486,0.268132447
601.8874440443,0.263816194
602.3412764128,0.259500195
602.7950820517,0.254874437
603.2488609591,0.250168735
603.7026131326,0.245480495
604.1563385701,0.240865313
604.6100372694,0.236250404
605.0637092284,0.231398811
605.5173544447,0.226380565
605.9709729163,0.221362614
606.4245646410,0.216609603
606.8781296165,0.211861138
607.3316678408,0.207147110
607.7851793115,0.202489150
608.2386640266,0.197831464
608.6921219838,0.193035032
609.1455531809,0.188198398
609.5989576159,0.183642694
610.0523352864,0.180459857
610.5056861903,0.177277208
610.9590103254,0.174094747
611.4123076895,0.171553844
611.8655782805,0.169082742
612.3188220961,0.166611786
612.7720391342,0.164140975
613.2252293926,0.161670063
613.6783928691,0.159199290
614.1315295615,0.156728663
614.5846394676,0.154256862
615.0377225853,0.151757361
615.4907789124,0.149258008
615.9438084466,0.146758802
616.3968111858,0.000000000
616.8497871278,0.000000000
617.3027362704,0.000000000
617.7556586115,0.000000000
618.2085541488,0.000000000
618.6614228802,0.000000000
619.1142648035,0.000000000
619.5670799165,0.000000000
620.0198682170,0.000000000
620.4726297028,0.000000000
620.9253643717,0.000000000
621.3780722216,0.000000000
621.8307532503,0.000000000
622.2834074555,0.000000000
622.7360348352,0.000000000
623.1886353871,0.000000000
623.6412091090,0.000000000
624.0937559987,0.000000000
624.5462760541,0.000000000
624.9987692730,0.000000000
625.4512356532,0.000000000
625.9036751925,0.000000000
626.3560878887,0.000000000
626.8084737396,0.000000000
627.2608327431,0.000000000
627.7131648970,0.000000000
628.1654701990,0.000000000
628.6177486470,0.000000000
629.0700002389,0.000000000
629.5222249723,0.000000000
629.9744228452,0.000000000
630.4265938554,0.000000000
630.8787380006,0.000000000
631.3308552788,0.000000000
631.7829456876,0.000000000
632.2350092249,0.000000000
632.6870458886,0.000000000
633.1390556764,0.000000000
633.5910385861,0.000000000
634.0429946157,0.000000000
634.4949237628,0.000000000
634.9468260254,0.000000000
635.3987014011,0.000000000
635.8505498879,0.000000000
636.3023714835,0.000000000
636.7541661859,0.000000000
637.2059339926,0.000000000
637.6576749017,0.000000000
638.1093889109,0.000000000
638.5610760180,0.000000000
639.0127362209,0.000000000
639.4643695173,0.000000000
639.9159759051,0.000000000
640.3675553820,0.000000000
640.8191079460,0.000000000
641.2706335948,0.000000000
641.7221323262,0.000000000
642.1736041381,0.000000000
642.6250490282,0.000000000
643.0764669944,0.000000000
643.5278580344,0.000000000
643.9792221462,0.000000000
644.4305593275,0.000000000
644.8818695762,0.000000000
645.3331528899,0.000000000
645.7844092667,0.000000000
646.2356387042,0.000000000
646.6868412003,0.000000000
647.1380167529,0.000000000
647.5891653596,0.000000000
648.0402870184,0.000000000
648.4913817271,0.000000000
648.9424494834,0.000000000
649.3934902852,0.000000000
649.8445041303,0.000000000
650.2954910165,0.000000000
650.7464509417,0.000000000
651.1973839036,0.000000000
651.6482899000,0.000000000
652.0991689288,0.000000000
652.5500209878,0.000000000
653.0008460749,0.000000000
653.4516441877,0.000000000
653.9024153242,0.000000000
654.3531594821,0.000000000
654.8038766593,0.000000000
655.2545668535,0.000000000
655.7052300627,0.000000000
656.1558662845,0.000000000
656.6064755169,0.000000000
657.0570577576,0.000000000
657.5076130045,0.000000000
657.9581412554,0.000000000
658.4086425080,0.000000000
658.8591167602,0.000000000
659.3095640099,0.000000000
659.7599842547,0.000000000
660.2103774927,0.000000000
660.6607437214,0.000000000
661.1110829389,0.000000000
661.5613951428,0.000000000
662.0116803311,0.000000000
662.4619385014,0.000000000
662.9121696517,0.000000000
663.3623737797,0.000000000
663.8125508833,0.000000000
664.2627009603,0.000000000
664.7128240085,0.000000000
665.1629200257,0.000000000
665.6129890097,0.000000000
666.0630309583,0.000000000
666.5130458694,0.000000000
666.9630337408,0.000000000
667.4129945702,0.000000000
667.8629283556,0.000000000
668.3128350946,0.000000000
668.7627147852,0.000000000
669.2125674252,0.000000000
669.6623930123,0.000000000
670.1121915443,0.000000000
670.5619630192,0.000000000
671.0117074346,0.000000000
671.4614247885,0.000000000
671.9111150786,0.000000000
672.3607783027,0.000000000
672.8104144588,0.000000000
673.2600235444,0.000000000
673.7096055576,0.000000000
674.1591604961,0.000000000
674.6086883577,0.000000000
675.0581891403,0.000000000
675.5076628416,0.000000000
675.9571094595,0.000000000
676.4065289917,0.000000000
676.8559214362,0.000000000
677.3052867906,0.000000000
677.7546250529,0.000000000
678.2039362209,0.000000000
678.6532202923,0.000000000
679.1024772649,0.000000000
679.5517071367,0.000000000
680.0009099053,0.000000000
680.4500855687,0.000000000
680.8992341246,0.000000000
681.3483555709,0.000000000
681.7974499053,0.000000000
682.2465171257,0.000000000
682.6955572299,0.000000000
683.1445702156,0.000000000
683.5935560809,0.000000000
684.0425148233,0.000000000
684.4914464408,0.000000000
684.9403509312,0.000000000
685.3892282922,0.000000000
685.8380785218,0.000000000
686.2869016176,0.000000000
686.7356975776,0.000000000
687.1844663996,0.000000000
687.6332080812,0.000000000
688.0819226205,0.000000000
688.5306100152,0.000000000
688.9792702630,0.000000000
689.4279033619,0.000000000
689.8765093096,0.000000000
690.3250881039,0.000000000
690.7736397427,0.000000000
691.2221642238,0.000000000
691.6706615450,0.000000000
692.1191317040,0.000000000
692.5675746988,0.000000000
693.0159905272,0.000000000
693.4643791869,0.000000000
693.9127406757,0.000000000
694.3610749916,0.000000000
694.8093821322,0.000000000
695.2576620954,0.000000000
695.7059148791,0.000000000
696.1541404810,0.000000000
696.6023388990,0.000000000
697.0505101308,0.000000000
697.4986541744,0.000000000
697.9467710274,0.000000000
698.3948606877,0.000000000
698.8429231532,0.000000000
699.2909584216,0.000000000
699.7389664908,0.000000000
700.1869473586,0.000000000
700.6349010227,0.000000000
701.0828274811,0.000000000
701.5307267315,0.000000000
701.9785987717,0.000000000
702.4264435996,0.000000000
702.8742612129,0.000000000
703.3220516095,0.000000000
703.7698147872,0.000000000
704.2175507438,0.000000000
704.6652594772,0.000000000
705.1129409851,0.000000000
705.5605952653,0.000000000
706.0082223157,0.000000000
706.4558221341,0.000000000
706.9033947183,0.000000000
707.3509400661,0.000000000
707.7984581754,0.000000000
708.2459490439,0.000000000
708.6934126694,0.000000000
709.1408490499,0.000000000
709.5882581830,0.000000000
710.0356400666,0.000000000
710.4829946986,0.000000000
710.9303220766,0.000000000
711.3776221987,0.000000000
711.8248950625,0.000000000
712.2721406659,0.000000000
712.7193590066,0.000000000
713.1665500826,0.000000000
713.6137138916,0.000000000
714.0608504315,0.000000000
714.5079597000,0.000000000
714.9550416950,0.000000000
715.4020964142,0.000000000
715.8491238556,0.000000000
716.2961240169,0.000000000
716.7430968959,0.000000000
717.1900424904,0.000000000
717.6369607983,0.000000000
718.0838518174,0.000000000
718.5307155455,0.000000000
718.9775519804,0.000000000
719.4243611199,0.000000000
719.8711429618,0.000000000
720.3178975040,0.000000000
720.7646247443,0.000000000
721.2113246804,0.000000000
721.6579973102,0.000000000
722.1046426316,0.000000000
722.5512606422,0.000000000
722.9978513400,0.000000000
723.4444147228,0.000000000
723.8909507883,0.000000000
724.3374595344,0.000000000
724.7839409589,0.000000000
725.2303950597,0.000000000
725.6768218344,0.000000000
726.1232212810,0.000000000
726.5695933973,0.000000000
727.0159381810,0.000000000
727.4622556300,0.000000000
727.9085457422,0.000000000
728.3548085152,0.000000000
728.8010439470,0.000000000
729.2472520353,0.000000000
729.6934327780,0.000000000
730.1395861729,0.000000000
730.5857122178,0.000000000
731.0318109105,0.000000000
731.4778822488,0.000000000
731.9239262305,0.000000000
732.3699428535,0.000000000
732.8159321156,0.000000000
733.2618940146,0.000000000
733.7078285482,0.000000000
734.1537357144,0.000000000
734.5996155109,0.000000000
735.0454679355,0.000000000
735.4912929861,0.000000000
735.9370906605,0.000000000
736.3828609564,0.000000000
736.8286038718,0.000000000
737.2743194044,0.000000000
737.7200075520,0.000000000
738.1656683125,0.000000000
738.6113016836,0.000000000
739.0569076632,0.000000000
739.5024862491,0.000000000
739.9480374392,0.000000000
740.3935612311,0.000000000
740.8390576228,0.000000000
741.2845266120,0.000000000
741.7299681966,0.000000000
742.1753823744,0.000000000
742.6207691432,0.000000000
743.0661285008,0.000000000
743.5114604450,0.000000000
743.9567649737,0.000000000
744.4020420846,0.000000000
744.8472917756,0.000000000
745.2925140445,0.000000000
745.7377088891,0.000000000
746.1828763072,0.000000000
746.6280162966,0.000000000
747.0731288552,0.000000000
747.5182139808,0.000000000
747.9632716711,0.000000000
748.4083019240,0.000000000
748.8533047374,0.000000000
749.2982801089,0.000000000
749.7432280365,0.000000000
750.1881485180,0.000000000
750.6330415511,0.000000000
751.0779071337,0.000000000
751.5227452636,0.000000000
751.9675559386,0.000000000
752.4123391566,0.000000000
752.8570949153,0.000000000
753.3018232125,0.000000000
753.7465240461,0.000000000
754.1911974139,0.000000000
754.6358433137,0.000000000
755.0804617434,0.000000000
755.5250527006,0.000000000
755.9696161833,0.000000000
756.4141521893,0.000000000
756.8586607164,0.000000000
757.3031417623,0.000000000
757.7475953249,0.000000000
758.1920214021,0.000000000
758.6364199916,0.000000000
759.0807910913,0.000000000
759.5251346989,0.000000000
759.9694508123,0.000000000
760.4137394294,0.000000000
760.8580005478,0.000000000
761.3022341654,0.000000000
761.7464402801,0.000000000
762.1906188897,0.000000000
762.6347699919,0.000000000
763.0788935846,0.000000000
763.5229896656,0.000000000
763.9670582328,0.000000000
764.4110992838,0.000000000
764.8551128166,0.000000000
765.2990988290,0.000000000
765.7430573188,0.000000000
766.1869882837,0.000000000
766.6308917217,0.000000000
767.0747676304,0.000000000
767.5186160078,0.000000000
767.9624368517,0.000000000
768.4062301598,0.000000000
768.8499959300,0.000000000
769.2937341602,0.000000000
769.7374448480,0.000000000
770.1811279913,0.000000000
770.6247835880,0.000000000
771.0684116359,0.000000000
771.5120121327,0.000000000
771.9555850763,0.000000000
772.3991304645,0.000000000
772.8426482951,0.000000000
773.2861385660,0.000000000
773.7296012749,0.000000000
774.1730364197,0.000000000
774.6164439981,0.000000000
775.0598240080,0.000000000
775.5031764473,0.000000000
775.9465013137,0.000000000
776.3897986050,0.000000000
776.8330683190,0.000000000
777.2763104536,0.000000000
777.7195250066,0.000000000
778.1627119758,0.000000000
778.6058713590,0.000000000
779.0490031541,0.000000000
779.4921073588,0.000000000
779.9351839709,0.000000000
780.3782329883,0.000000000
780.8212544088,0.000000000
781.2642482302,0.000000000
781.7072144503,0.000000000
782.1501530669,0.000000000
782.5930640779,0.000000000
783.0359474811,0.000000000
783.4788032742,0.000000000
783.9216314551,0.000000000
784.3644320216,0.000000000
784.8072049716,0.000000000
785.2499503028,0.000000000
785.6926680130,0.000000000
786.1353581001,0.000000000
786.5780205619,0.000000000
787.0206553962,0.000000000
787.4632626007,0.000000000
787.9058421735,0.000000000
788.3483941121,0.000000000
788.7909184145,0.000000000
789.2334150785,0.000000000
789.6758841019,0.000000000
790.1183254824,0.000000000
790.5607392180,0.000000000
791.0031253064,0.000000000
791.4454837455,0.000000000
791.8878145330,0.000000000
792.3301176668,0.000000000
792.7723931447,0.000000000
793.2146409645,0.000000000
793.6568611240,0.000000000
794.0990536211,0.000000000
794.5412184535,0.000000000
794.9833556190,0.000000000
795.4254651156,0.000000000
795.8675469409,0.000000000
796.3096010929,0.000000000
796.7516275693,0.000000000
797.1936263679,0.000000000
797.6355974866,0.000000000
798.0775409231,0.000000000
798.5194566753,0.000000000
798.9613447411,0.000000000
799.4032051181,0.000000000
799.8450378043,0.000000000
800.2868427974,0.000000000
800.7286200953,0.000000000
801.1703696958,0.000000000
801.6120915966,0.000000000
802.0537857957,0.000000000
802.4954522907,0.000000000
802.9370910797,0.000000000
803.3787021602,0.000000000
803.8202855302,0.000000000
804.2618411875,0.000000000
804.7033691299,0.000000000
805.1448693553,0.000000000
805.5863418613,0.000000000
806.0277866459,0.000000000
806.4692037068,0.000000000
806.9105930419,0.000000000
807.3519546490,0.000000000
807.7932885259,0.000000000
808.2345946704,0.000000000
808.6758730803,0.000000000
809.1171237535,0.000000000
809.5583466877,0.000000000
809.9995418808,0.000000000
810.4407093306,0.000000000
810.8818490349,0.000000000
811.3229609916,0.000000000
811.7640451983,0.000000000
812.2051016530,0.000000000
812.6461303535,0.000000000
813.0871312976,0.000000000
813.5281044830,0.000000000
813.9690499077,0.000000000
814.4099675693,0.000000000
814.8508574659,0.000000000
815.2917195950,0.000000000
815.7325539547,0.000000000
816.1733605426,0.000000000
816.6141393566,0.000000000
817.0548903946,0.000000000
817.4956136543,0.000000000
817.9363091335,0.000000000
818.3769768300,0.000000000
818.8176167418,0.000000000
819.2582288665,0.000000000
819.6988132021,0.000000000
820.1393697462,0.000000000
820.5798984968,0.000000000
821.0203994517,0.000000000
821.4608726086,0.000000000
821.9013179654,0.000000000
822.3417355199,0.000000000
822.7821252699,0.000000000
823.2224872132,0.000000000
823.6628213476,0.000000000
824.1031276710,0.000000000
824.5434061812,0.000000000
824.9836568760,0.000000000
825.4238797532,0.000000000
825.8640748105,0.000000000
826.3042420459,0.000000000
826.7443814572,0.000000000
827.1844930421,0.000000000
827.6245767985,0.000000000
828.0646327241,0.000000000
828.5046608169,0.000000000
828.9446610746,0.000000000
829.3846334950,0.000000000
829.8245780760,0.000000000
830.2644948153,0.000000000
830.7043837109,0.000000000
831.1442447604,0.000000000
831.5840779617,0.000000000
832.0238833126,0.000000000
832.4636608110,0.000000000
832.9034104546,0.000000000
833.3431322413,0.000000000
833.7828261689,0.000000000
834.2224922352,0.000000000
834.6621304380,0.000000000
835.1017407751,0.000000000
835.5413232444,0.000000000
835.9808778436,0.000000000
836.4204045706,0.000000000
836.8599034232,0.000000000
837.2993743992,0.000000000
837.7388174964,0.000000000
838.1782327127,0.000000000
838.6176200458,0.000000000
839.0569794935,0.000000000
839.4963110537,0.000000000
839.9356147243,0.000000000
840.3748905029,0.000000000
840.8141383875,0.000000000
841.2533583757,0.000000000
841.6925504656,0.000000000
842.1317146548,0.000000000
842.5708509412,0.000000000
843.0099593226,0.000000000
843.4490397968,0.000000000
843.8880923616,0.000000000
844.3271170149,0.000000000
844.7661137545,0.000000000
845.2050825781,0.000000000
845.6440234836,0.000000000
846.0829364688,0.000000000
846.5218215315,0.000000000
846.9606786695,0.000000000
847.3995078807,0.000000000
847.8383091629,0.000000000
848.2770825138,0.000000000
848.7158279314,0.000000000
849.1545454133,0.000000000
849.5932349575,0.000000000
850.0318965617,0.000000000
850.4705302237,0.000000000
850.9091359414,0.000000000
851.3477137126,0.000000000
851.7862635351,0.000000000
852.2247854067,0.000000000
852.6632793253,0.000000000
853.1017452886,0.000000000
853.5401832944,0.000000000
853.9785933406,0.000000000
854.4169754250,0.000000000
854.8553295454,0.000000000
855.2936556996,0.000000000
855.7319538855,0.000000000
856.1702241007,0.000000000
856.6084663433,0.000000000
857.0466806109,0.000000000
857.4848669015,0.000000000
857.9230252127,0.000000000
858.3611555424,0.000000000
858.7992578885,0.000000000
859.2373322488,0.000000000
859.6753786210,0.000000000
860.1133970030,0.000000000
860.5513873926,0.000000000
860.9893497876,0.000000000
861.4272841858,0.000000000
861.8651905851,0.000000000
862.3030689832,0.000000000
862.7409193780,0.000000000
863.1787417673,0.000000000
863.6165361489,0.000000000
864.0543025206,0.000000000
864.4920408802,0.000000000
864.9297512256,0.000000000
865.3674335545,0.000000000
865.8050878648,0.000000000
866.2427141543,0.000000000
866.6803124209,0.000000000
867.1178826622,0.000000000
867.5554248762,0.000000000
867.9929390606,0.000000000
868.4304252133,0.000000000
868.8678833321,0.000000000
869.3053134147,0.000000000
869.7427154591,0.000000000
870.1800894630,0.000000000
870.6174354243,0.000000000
871.0547533407,0.000000000
871.4920432100,0.000000000
871.9293050302,0.000000000
872.3665387990,0.000000000
872.8037445141,0.000000000
873.2409221735,0.000000000
873.6780717750,0.000000000
874.1151933163,0.000000000
874.5522867953,0.000000000
874.9893522098,0.000000000
875.4263895576,0.000000000
875.8633988365,0.000000000
876.3003800443,0.000000000
876.7373331789,0.000000000
877.1742582381,0.000000000
877.6111552196,0.000000000
878.0480241214,0.000000000
878.4848649411,0.000000000
878.9216776767,0.000000000
879.3584623259,0.000000000
879.7952188866,0.000000000
880.2319473565,0.000000000
880.6686477336,0.000000000
881.1053200155,0.000000000
881.5419642001,0.000000000
881.9785802853,0.000000000
882.4151682688,0.000000000
882.8517281485,0.000000000
883.2882599222,0.000000000
883.7247635876,0.000000000
884.1612391427,0.000000000
884.5976865851,0.000000000
885.0341059128,0.000000000
885.4704971236,0.000000000
885.9068602152,0.000000000
886.3431951855,0.000000000
886.7795020323,0.000000000
887.2157807534,0.000000000
887.6520313467,0.000000000
888.0882538099,0.000000000
888.5244481408,0.000000000
888.9606143373,0.000000000
889.3967523972,0.000000000
889.8328623183,0.000000000
890.2689440984,0.000000000
890.7049977353,0.000000000
891.1410232269,0.000000000
891.5770205709,0.000000000
892.0129897652,0.000000000
892.4489308076,0.000000000
892.8848436959,0.000000000
893.3207284279,0.000000000
893.7565850015,0.000000000
894.1924134144,0.000000000
894.6282136645,0.000000000
895.0639857495,0.000000000
895.4997296674,0.000000000
895.9354454158,0.000000000
896.3711329927,0.000000000
896.8067923958,0.000000000
897.2424236230,0.000000000
897.6780266721,0.000000000
898.1136015408,0.000000000
898.5491482270,0.000000000
898.9846667286,0.000000000
899.4201570432,0.000000000
899.8556191689,0.000000000
900.2910531032,0.000000000
900.7264588442,0.000000000
901.1618363895,0.000000000
901.5971857371,0.000000000
902.0325068847,0.000000000
902.4677998301,0.000000000
902.9030645711,0.000000000
903.3383011056,0.000000000
903.7735094314,0.000000000
904.2086895463,0.000000000
904.6438414481,0.000000000
905.0789651346,0.000000000
905.5140606037,0.000000000
905.9491278531,0.000000000
906.3841668807,0.000000000
906.8191776842,0.000000000
907.2541602616,0.000000000
907.6891146106,0.000000000
908.1240407290,0.000000000
908.5589386146,0.000000000
908.9938082654,0.000000000
909.4286496789,0.000000000
909.8634628532,0.000000000
910.2982477860,0.000000000
910.7330044751,0.000000000
911.1677329183,0.000000000
911.6024331135,0.000000000
912.0371050585,0.000000000
912.4717487510,0.000000000
912.9063641889,0.000000000
913.3409513700,0.000000000
913.7755102922,0.000000000
914.2100409532,0.000000000
914.6445433508,0.000000000
915.0790174829,0.000000000
915.5134633473,0.000000000
915.9478809418,0.000000000
916.3822702642,0.000000000
916.8166313123,0.000000000
917.2509640840,0.000000000
917.6852685770,0.000000000
918.1195447892,0.000000000
918.5537927184,0.000000000
918.9880123624,0.000000000
919.4222037191,0.000000000
919.8563667861,0.000000000
920.2905015614,0.000000000
920.7246080428,0.000000000
921.1586862280,0.000000000
921.5927361149,0.000000000
922.0267577014,0.000000000
922.4607509852,0.000000000
922.8947159641,0.000000000
923.3286526359,0.000000000
923.7625609985,0.000000000
924.1964410498,0.000000000
924.6302927874,0.000000000
925.0641162092,0.000000000
925.4979113130,0.000000000
925.9316780967,0.000000000
926.3654165581,0.000000000
926.7991266949,0.000000000
927.2328085050,0.000000000
927.6664619862,0.000000000
928.1000871363,0.000000000
928.5336839532,0.000000000
928.9672524346,0.000000000
929.4007925784,0.000000000
929.8343043823,0.000000000
930.2677878443,0.000000000
930.7012429620,0.000000000
931.1346697334,0.000000000
931.5680681562,0.000000000
932.0014382283,0.000000000
932.4347799474,0.000000000
932.8680933114,0.000000000
933.3013783181,0.000000000
933.7346349653,0.000000000
934.1678632509,0.000000000
934.6010631726,0.000000000
935.0342347282,0.000000000
935.4673779156,0.000000000
935.9004927327,0.000000000
936.3335791771,0.000000000
936.7666372467,0.000000000
937.1996669394,0.000000000
937.6326682529,0.000000000
938.0656411850,0.000000000
938.4985857337,0.000000000
938.9315018966,0.000000000
939.3643896717,0.000000000
939.7972490566,0.000000000
940.2300800493,0.000000000
940.6628826476,0.000000000
941.0956568492,0.000000000
941.5284026520,0.000000000
941.9611200538,0.000000000
942.3938090525,0.000000000
942.8264696457,0.000000000
943.2591018314,0.000000000
943.6917056073,0.000000000
944.1242809713,0.000000000
944.5568279212,0.000000000
944.9893464548,0.000000000
945.4218365700,0.000000000
945.8542982644,0.000000000
946.2867315360,0.000000000
946.7191363826,0.000000000
947.1515128019,0.000000000
947.5838607918,0.000000000
948.0161803502,0.000000000
948.4484714747,0.000000000
948.8807341633,0.000000000
949.3129684137,0.000000000
949.7451742239,0.000000000
950.1773515915,0.000000000
950.6095005143,0.000000000
951.0416209903,0.000000000
951.4737130173,0.000000000
951.9057765929,0.000000000
952.3378117152,0.000000000
952.7698183817,0.000000000
953.2017965905,0.000000000
953.6337463393,0.000000000
954.0656676259,0.000000000
954.4975604481,0.000000000
954.9294248038,0.000000000
955.3612606907,0.000000000
955.7930681068,0.000000000
956.2248470497,0.000000000
956.6565975173,0.000000000
957.0883195074,0.000000000
957.5200130179,0.000000000
957.9516780465,0.000000000
958.3833145911,0.000000000
958.8149226494,0.000000000
959.2465022194,0.000000000
959.6780532988,0.000000000
960.1095758854,0.000000000
960.5410699770,0.000000000
960.9725355715,0.000000000
961.4039726667,0.000000000
961.8353812603,0.000000000
962.2667613503,0.000000000
962.6981129343,0.000000000
963.1294360103,0.000000000
963.5607305761,0.000000000
963.9919966294,0.000000000
964.4232341680,0.000000000
964.8544431899,0.000000000
965.2856236928,0.000000000
965.7167756745,0.000000000
966.1478991328,0.000000000
966.5789940656,0.000000000
967.0100604707,0.000000000
967.4410983458,0.000000000
967.8721076888,0.000000000
968.3030884975,0.000000000
968.7340407698,0.000000000
969.1649645034,0.000000000
969.5958596961,0.000000000
970.0267263459,0.000000000
970.4575644504,0.000000000
970.8883740075,0.000000000
971.3191550150,0.000000000
971.7499074708,0.000000000
972.1806313726,0.000000000
972.6113267182,0.000000000
973.0419935056,0.000000000
973.4726317324,0.000000000
973.9032413965,0.000000000
974.3338224958,0.000000000
974.7643750280,0.000000000
975.1948989909,0.000000000
975.6253943824,0.000000000
976.0558612003,0.000000000
976.4862994424,0.000000000
976.9167091064,0.000000000
977.3470901903,0.000000000
977.7774426919,0.000000000
978.2077666089,0.000000000
978.6380619392,0.000000000
979.0683286805,0.000000000
979.4985668308,0.000000000
979.9287763878,0.000000000
980.3589573493,0.000000000
980.7891097131,0.000000000
981.2192334771,0.000000000
981.6493286391,0.000000000
982.0793951969,0.000000000
982.5094331483,0.000000000
982.9394424910,0.000000000
983.3694232231,0.000000000
983.7993753422,0.000000000
984.2292988461,0.000000000
984.6591937327,0.000000000
985.0890599998,0.000000000
985.5188976453,0.000000000
985.9487066668,0.000000000
986.3784870623,0.000000000
986.8082388295,0.000000000
987.2379619664,0.000000000
987.6676564706,0.000000000
988.0973223400,0.000000000
988.5269595724,0.000000000
988.9565681656,0.000000000
989.3861481175,0.000000000
989.8156994258,0.000000000
990.2452220885,0.000000000
990.6747161032,0.000000000
991.1041814678,0.000000000
991.5336181801,0.000000000
991.9630262380,0.000000000
992.3924056392,0.000000000
992.8217563815,0.000000000
993.2510784629,0.000000000
993.6803718810,0.000000000
994.1096366338,0.000000000
994.5388727190,0.000000000
994.9680801344,0.000000000
995.3972588779,0.000000000
995.8264089472,0.000000000
996.2555303402,0.000000000
996.6846230548,0.000000000
997.1136870886,0.000000000
997.5427224396,0.000000000
997.9717291055,0.000000000
998.4007070842,0.000000000
998.8296563734,0.000000000
999.2585769710,0.000000000
999.6874688749,0.000000000
1000.1163320827,0.000000000
1000.5451665924,0.000000000
1000.9739724017,0.000000000
1001.4027495085,0.000000000
1001.8314979106,0.000000000
1002.2602176058,0.000000000
1002.6889085919,0.000000000
1003.1175708667,0.000000000
1003.5462044280,0.000000000
1003.9748092737,0.000000000
1004.4033854016,0.000000000
1004.8319328094,0.000000000
1005.2604514950,0.000000000
1005.6889414563,0.000000000
1006.1174026910,0.000000000
1006.5458351969,0.000000000
1006.9742389719,0.000000000
1007.4026140137,0.000000000
1007.8309603203,0.000000000
1008.2592778893,0.000000000
1008.6875667187,0.000000000
1009.1158268062,0.000000000
1009.5440581496,0.000000000
1009.9722607469,0.000000000
1010.4004345956,0.000000000
1010.8285796938,0.000000000
1011.2566960392,0.000000000
1011.6847836296,0.000000000
1012.1128424629,0.000000000
1012.5408725368,0.000000000
1012.9688738491,0.000000000
1013.3968463978,0.000000000
1013.8247901805,0.000000000
1014.2527051952,0.000000000
1014.6805914396,0.000000000
1015.1084489115,0.000000000
1015.5362776088,0.000000000
1015.9640775293,0.000000000
1016.3918486707,0.000000000
1016.8195910310,0.000000000
1017.2473046078,0.000000000
1017.6749893991,0.000000000
1018.1026454027,0.000000000
1018.5302726163,0.000000000
1018.9578710378,0.000000000
1019.3854406650,0.000000000
1019.8129814957,0.000000000
1020.2404935277,0.000000000
1020.6679767588,0.000000000
1021.0954311869,0.000000000
1021.5228568098,0.000000000
1021.9502536252,0.000000000
1022.3776216311,0.000000000
1022.8049608251,0.000000000
1023.2322712052,0.000000000
1023.6595527691,0.000000000
1024.0868055147,0.000000000
1024.5140294398,0.000000000
1024.9412245421,0.000000000
1025.3683908196,0.000000000
1025.7955282699,0.000000000
1026.2226368910,0.000000000
1026.6497166807,0.000000000
1027.0767676367,0.000000000
1027.5037897568,0.000000000
1027.9307830390,0.000000000
1028.3577474810,0.000000000
1028.7846830806,0.000000000
1029.2115898356,0.000000000
1029.6384677439,0.000000000
1030.0653168033,0.000000000
1030.4921370115,0.000000000
1030.9189283664,0.000000000
1031.3456908659,0.000000000
1031.7724245076,0.000000000
1032.1991292896,0.000000000
1032.6258052094,0.000000000
1033.0524522651,0.000000000
1033.4790704543,0.000000000
1033.9056597749,0.000000000
1034.3322202248,0.000000000
1034.7587518016,0.000000000
1035.1852545034,0.000000000
1035.6117283277,0.000000000
1036.0381732726,0.000000000
1036.4645893357,0.000000000
1036.8909765150,0.000000000
1037.3173348082,0.000000000
1037.7436642131,0.000000000
1038.1699647276,0.000000000
1038.5962363494,0.000000000
1039.0224790764,0.000000000
1039.4486929064,0.000000000
1039.8748778372,0.000000000
1040.3010338667,0.000000000
1040.7271609925,0.000000000
1041.1532592127,0.000000000
1041.5793285249,0.000000000
1042.0053689270,0.000000000
1042.4313804168,0.000000000
1042.8573629921,0.000000000
1043.2833166508,0.000000000
1043.7092413906,0.000000000
1044.1351372093,0.000000000
1044.5610041048,0.000000000
1044.9868420750,0.000000000
1045.4126511175,0.000000000
1045.8384312302,0.000000000
1046.2641824110,0.000000000
1046.6899046576,0.000000000
1047.1155979679,0.000000000
1047.5412623397,0.000000000
1047.9668977708,0.000000000
1048.3925042590,0.000000000
1048.8180818021,0.000000000
1049.2436303979,0.000000000
1049.6691500443,0.000000000
1050.0946407391,0.000000000
1050.5201024801,0.000000000
1050.9455352650,0.000000000
1051.3709390918,0.000000000
1051.7963139582,0.000000000
1052.2216598621,0.000000000
1052.6469768012,0.000000000
1053.0722647734,0.000000000
1053.4975237764,0.000000000
1053.9227538082,0.000000000
1054.3479548665,0.000000000
1054.7731269492,0.000000000
1055.1982700539,0.000000000
1055.6233841787,0.000000000
1056.0484693212,0.000000000
1056.4735254794,0.000000000
1056.8985526509,0.000000000
1057.3235508337,0.000000000
1057.7485200255,0.000000000
1058.1734602241,0.000000000
1058.5983714274,0.000000000
1059.0232536333,0.000000000
1059.4481068394,0.000000000
1059.8729310436,0.000000000
1060.2977262437,0.000000000
1060.7224924376,0.000000000
1061.1472296231,0.000000000
1061.5719377979,0.000000000
1061.9966169600,0.000000000
1062.4212671070,0.000000000
1062.8458882369,0.000000000
1063.2704803473,0.000000000
1063.6950434363,0.000000000
1064.1195775015,0.000000000
1064.5440825407,0.000000000
1064.9685585519,0.000000000
1065.3930055328,0.000000000
1065.8174234812,0.000000000
1066.2418123950,0.000000000
1066.6661722719,0.000000000
1067.0905031097,0.000000000
1067.5148049064,0.000000000
1067.9390776596,0.000000000
1068.3633213673,0.000000000
1068.7875360272,0.000000000
1069.2117216371,0.000000000
1069.6358781949,0.000000000
1070.0600056984,0.000000000
1070.4841041454,0.000000000
1070.9081735336,0.000000000
1071.3322138610,0.000000000
1071.7562251253,0.000000000
1072.1802073244,0.000000000
1072.6041604560,0.000000000
1073.0280845181,0.000000000
1073.4519795083,0.000000000
1073.8758454245,0.000000000
1074.2996822645,0.000000000
1074.7234900262,0.000000000
1075.1472687073,0.000000000
1075.5710183057,0.000000000
1075.9947388192,0.000000000
1076.4184302456,0.000000000
1076.8420925827,0.000000000
1077.2657258283,0.000000000
1077.6893299803,0.000000000
1078.1129050364,0.000000000
1078.5364509945,0.000000000
1078.9599678524,0.000000000
1079.3834556079,0.000000000
1079.8069142588,0.000000000
1080.2303438030,0.000000000
1080.6537442382,0.000000000
1081.0771155622,0.000000000
1081.5004577730,0.000000000
1081.9237708682,0.000000000
1082.3470548457,0.000000000
1082.7703097034,0.000000000
1083.1935354390,0.000000000
1083.6167320503,0.000000000
1084.0398995353,0.000000000
1084.4630378916,0.000000000
1084.8861471171,0.000000000
1085.3092272096,0.000000000
1085.7322781669,0.000000000
1086.1552999869,0.000000000
1086.5782926674,0.000000000
1087.0012562061,0.000000000
1087.4241906009,0.000000000
1087.8470958496,0.000000000
1088.2699719500,0.000000000
1088.6928189000,0.000000000
1089.1156366973,0.000000000
1089.5384253398,0.000000000
1089.9611848252,0.000000000
1090.3839151515,0.000000000
1090.8066163163,0.000000000
1091.2292883176,0.000000000
1091.6519311531,0.000000000
1092.0745448207,0.000000000
1092.4971293181,0.000000000
1092.9196846432,0.000000000
1093.3422107938,0.000000000
1093.7647077678,0.000000000
1094.1871755628,0.000000000
1094.6096141768,0.000000000
1095.0320236076,0.000000000
1095.4544038529,0.000000000
1095.8767549106,0.000000000
1096.2990767785,0.000000000
1096.7213694545,0.000000000
1097.1436329362,0.000000000
1097.5658672216,0.000000000
1097.9880723085,0.000000000
1098.4102481947,0.000000000
1098.8323948779,0.000000000
1099.2545123561,0.000000000
1099.6766006270,0.000000000
1100.0986596884,0.000000000
1100.5206895381,0.000000000
1100.9426901741,0.000000000
1101.3646615940,0.000000000
1101.7866037957,0.000000000
1102.2085167770,0.000000000
1102.6304005358,0.000000000
1103.0522550698,0.000000000
1103.4740803768,0.000000000
1103.8958764547,0.000000000
1104.3176433014,0.000000000
1104.7393809145,0.000000000
1105.1610892919,0.000000000
1105.5827684315,0.000000000
1106.0044183310,0.000000000
1106.4260389882,0.000000000
1106.8476304011,0.000000000
1107.2691925673,0.000000000
1107.6907254848,0.000000000
1108.1122291512,0.000000000
1108.5337035645,0.000000000
